Timestamp;Date
1667570901.0;2022-11-04 15:08:21
1667570931.0;2022-11-04 15:08:51
1667570961.0;2022-11-04 15:09:21
1667570991.0;2022-11-04 15:09:51
1667571021.0;2022-11-04 15:10:21
1667571051.0;2022-11-04 15:10:51
1667571081.0;2022-11-04 15:11:21
1667571111.0;2022-11-04 15:11:51
1667571141.0;2022-11-04 15:12:21
1667571171.0;2022-11-04 15:12:51
1667571201.0;2022-11-04 15:13:21
1667571231.0;2022-11-04 15:13:51
1667571261.0;2022-11-04 15:14:21
1667571291.0;2022-11-04 15:14:51
1667571321.0;2022-11-04 15:15:21
1667571351.0;2022-11-04 15:15:51
1667571381.0;2022-11-04 15:16:21
1667571411.0;2022-11-04 15:16:51
1667571441.0;2022-11-04 15:17:21
1667571471.0;2022-11-04 15:17:51
1667571501.0;2022-11-04 15:18:21
1667571531.0;2022-11-04 15:18:51
1667571561.0;2022-11-04 15:19:21
1667571591.0;2022-11-04 15:19:51
1667571621.0;2022-11-04 15:20:21
1667571651.0;2022-11-04 15:20:51
1667571681.0;2022-11-04 15:21:21
1667571711.0;2022-11-04 15:21:51
1667571741.0;2022-11-04 15:22:21
1667571771.0;2022-11-04 15:22:51
1667571801.0;2022-11-04 15:23:21
1667571831.0;2022-11-04 15:23:51
1667571861.0;2022-11-04 15:24:21
1667571891.0;2022-11-04 15:24:51
1667571921.0;2022-11-04 15:25:21
1667571951.0;2022-11-04 15:25:51
1667571981.0;2022-11-04 15:26:21
1667572011.0;2022-11-04 15:26:51
1667572041.0;2022-11-04 15:27:21
1667572071.0;2022-11-04 15:27:51
1667572101.0;2022-11-04 15:28:21
1667572131.0;2022-11-04 15:28:51
1667572161.0;2022-11-04 15:29:21
1667572191.0;2022-11-04 15:29:51
1667572221.0;2022-11-04 15:30:21
1667572251.0;2022-11-04 15:30:51
1667572281.0;2022-11-04 15:31:21
1667572311.0;2022-11-04 15:31:51
1667572341.0;2022-11-04 15:32:21
1667572371.0;2022-11-04 15:32:51
1667572401.0;2022-11-04 15:33:21
1667572431.0;2022-11-04 15:33:51
1667572461.0;2022-11-04 15:34:21
1667572491.0;2022-11-04 15:34:51
1667572521.0;2022-11-04 15:35:21
1667572551.0;2022-11-04 15:35:51
1667572581.0;2022-11-04 15:36:21
1667572611.0;2022-11-04 15:36:51
1667572641.0;2022-11-04 15:37:21
1667572671.0;2022-11-04 15:37:51
1667572701.0;2022-11-04 15:38:21
1667572731.0;2022-11-04 15:38:51
1667572761.0;2022-11-04 15:39:21
1667572791.0;2022-11-04 15:39:51
1667572821.0;2022-11-04 15:40:21
1667572851.0;2022-11-04 15:40:51
1667572881.0;2022-11-04 15:41:21
1667572911.0;2022-11-04 15:41:51
1667572941.0;2022-11-04 15:42:21
1667572971.0;2022-11-04 15:42:51
1667573001.0;2022-11-04 15:43:21
1667573031.0;2022-11-04 15:43:51
1667573061.0;2022-11-04 15:44:21
1667573091.0;2022-11-04 15:44:51
1667573121.0;2022-11-04 15:45:21
1667573151.0;2022-11-04 15:45:51
1667573181.0;2022-11-04 15:46:21
1667573211.0;2022-11-04 15:46:51
1667573241.0;2022-11-04 15:47:21
1667573271.0;2022-11-04 15:47:51
1667573301.0;2022-11-04 15:48:21
1667573331.0;2022-11-04 15:48:51
1667573361.0;2022-11-04 15:49:21
1667573391.0;2022-11-04 15:49:51
1667573421.0;2022-11-04 15:50:21
1667573451.0;2022-11-04 15:50:51
1667573481.0;2022-11-04 15:51:21
1667573511.0;2022-11-04 15:51:51
1667573541.0;2022-11-04 15:52:21
1667573571.0;2022-11-04 15:52:51
1667573601.0;2022-11-04 15:53:21
1667573631.0;2022-11-04 15:53:51
1667573661.0;2022-11-04 15:54:21
1667573691.0;2022-11-04 15:54:51
1667573721.0;2022-11-04 15:55:21
1667573751.0;2022-11-04 15:55:51
1667573781.0;2022-11-04 15:56:21
1667573811.0;2022-11-04 15:56:51
1667573841.0;2022-11-04 15:57:21
1667573871.0;2022-11-04 15:57:51
